{
  "iou_metric": 0.21131958067417145,
  "loss": 1.0757126808166504,
  "val_iou_metric": 0.19666267931461334,
  "val_loss": 1.0919833183288574,
  "epoch": 2,
  "global_step": 26
}