{
  "iou_metric": 0.1389644742012024,
  "loss": 1.122358798980713,
  "val_iou_metric": 0.1134713813662529,
  "val_loss": 1.197887897491455,
  "epoch": 2,
  "global_step": 17
}