{
  "iou_metric": 0.13024015724658966,
  "loss": 1.70621657371521,
  "val_iou_metric": 0.16669881343841553,
  "val_loss": 1.604007363319397,
  "epoch": 0,
  "global_step": 13
}