{
  "iou_metric": 0.30826064944267273,
  "loss": 1.1387265920639038,
  "val_iou_metric": 0.2649981677532196,
  "val_loss": 1.2807800769805908,
  "epoch": 2,
  "global_step": 26
}