{
  "iou_metric": 0.30781111121177673,
  "loss": 0.6880204677581787,
  "val_iou_metric": 0.2555645704269409,
  "val_loss": 1.1065853834152222,
  "epoch": 25,
  "global_step": 62
}