{
  "iou_metric": 0.06329069286584854,
  "loss": 2.0675103664398193,
  "val_iou_metric": 0.06791747361421585,
  "val_loss": 2.053570508956909,
  "epoch": 0,
  "global_step": 13
}