{
  "iou_metric": 0.16812586784362793,
  "loss": 1.549641728401184,
  "val_iou_metric": 0.22505246102809906,
  "val_loss": 1.6212104558944702,
  "epoch": 2,
  "global_step": 26
}