{
  "iou_metric": 0.3318675756454468,
  "loss": 1.0452677011489868,
  "val_iou_metric": 0.26726076006889343,
  "val_loss": 1.2363947629928589,
  "epoch": 2,
  "global_step": 26
}