{
  "iou_metric": 0.31969043612480164,
  "loss": 1.098940134048462,
  "val_iou_metric": 0.28446680307388306,
  "val_loss": 1.2297624349594116,
  "epoch": 2,
  "global_step": 26
}