{
  "iou_metric": 0.09397140890359879,
  "loss": 0.7535001635551453,
  "val_iou_metric": 0.08502405136823654,
  "val_loss": 0.7747824192047119,
  "epoch": 1,
  "global_step": 15
}