{
  "iou_metric": 0.11397077143192291,
  "loss": 1.8174769878387451,
  "val_iou_metric": 0.15100768208503723,
  "val_loss": 1.7734776735305786,
  "epoch": 0,
  "global_step": 13
}