{
  "iou_metric": 0.331074982881546,
  "loss": 0.7939832210540771,
  "val_iou_metric": 0.31751835346221924,
  "val_loss": 0.8950713872909546,
  "epoch": 2,
  "global_step": 26
}