{
  "iou_metric": 0.0514550507068634,
  "loss": 2.026632308959961,
  "val_iou_metric": 0.05874143913388252,
  "val_loss": 1.9325313568115234,
  "epoch": 2,
  "global_step": 17
}