{
  "iou_metric": 0.09569527953863144,
  "loss": 1.1996477842330933,
  "val_iou_metric": 0.10127747058868408,
  "val_loss": 1.332658052444458,
  "epoch": 1,
  "global_step": 15
}