{
  "iou_metric": 0.19025704264640808,
  "loss": 0.9068728685379028,
  "val_iou_metric": 0.2042309045791626,
  "val_loss": 1.3709640502929688,
  "epoch": 48,
  "global_step": 49
}