{
  "iou_metric": 0.4517348110675812,
  "loss": 0.37984058260917664,
  "val_iou_metric": 0.3775482177734375,
  "val_loss": 0.4564043879508972,
  "epoch": 2,
  "global_step": 26
}