{
  "iou_metric": 0.10271675884723663,
  "loss": 1.8224307298660278,
  "val_iou_metric": 0.1428590714931488,
  "val_loss": 1.7809301614761353,
  "epoch": 0,
  "global_step": 13
}