{
  "iou_metric": 0.1352510005235672,
  "loss": 1.6445014476776123,
  "val_iou_metric": 0.16129770874977112,
  "val_loss": 1.602402687072754,
  "epoch": 1,
  "global_step": 26
}