{
  "iou_metric": 0.23765555024147034,
  "loss": 0.6176159381866455,
  "val_iou_metric": 0.25438469648361206,
  "val_loss": 0.5957938432693481,
  "epoch": 0,
  "global_step": 13
}