{
  "iou_metric": 0.09333183616399765,
  "loss": 0.7549449801445007,
  "val_iou_metric": 0.08707231283187866,
  "val_loss": 0.7699669599533081,
  "epoch": 2,
  "global_step": 17
}