{
  "iou_metric": 0.08056390285491943,
  "loss": 0.8419284820556641,
  "val_iou_metric": 0.09419184923171997,
  "val_loss": 0.8161256909370422,
  "epoch": 0,
  "global_step": 13
}