{
  "iou_metric": 0.07967895269393921,
  "loss": 1.4232537746429443,
  "val_iou_metric": 0.07758546620607376,
  "val_loss": 1.389625906944275,
  "epoch": 0,
  "global_step": 13
}