{
  "iou_metric": 0.060356516391038895,
  "loss": 1.4029241800308228,
  "val_iou_metric": 0.0679047480225563,
  "val_loss": 1.332223892211914,
  "epoch": 1,
  "global_step": 15
}