{
  "iou_metric": 0.43142226338386536,
  "loss": 0.3994947075843811,
  "val_iou_metric": 0.36357545852661133,
  "val_loss": 0.47118228673934937,
  "epoch": 2,
  "global_step": 26
}