{
  "iou_metric": 0.21041521430015564,
  "loss": 0.6330336332321167,
  "val_iou_metric": 0.23619072139263153,
  "val_loss": 0.5958261489868164,
  "epoch": 0,
  "global_step": 13
}