{
  "iou_metric": 0.09711544960737228,
  "loss": 1.865455150604248,
  "val_iou_metric": 0.14872540533542633,
  "val_loss": 1.7838934659957886,
  "epoch": 0,
  "global_step": 13
}