{
  "iou_metric": 0.34775882959365845,
  "loss": 0.4867737293243408,
  "val_iou_metric": 0.311637818813324,
  "val_loss": 0.5301823616027832,
  "epoch": 2,
  "global_step": 26
}