{
  "iou_metric": 0.2743663489818573,
  "loss": 0.8841190338134766,
  "val_iou_metric": 0.2223757654428482,
  "val_loss": 1.0067873001098633,
  "epoch": 2,
  "global_step": 26
}