{
  "iou_metric": 0.4226941168308258,
  "loss": 0.4418860077857971,
  "val_iou_metric": 0.2701750695705414,
  "val_loss": 1.2263131141662598,
  "epoch": 48,
  "global_step": 109
}