{
  "iou_metric": 0.14172551035881042,
  "loss": 1.6281328201293945,
  "val_iou_metric": 0.2044365257024765,
  "val_loss": 1.6851518154144287,
  "epoch": 2,
  "global_step": 26
}