{
  "iou_metric": 0.15686863660812378,
  "loss": 2.7273800373077393,
  "val_iou_metric": 0.09834647178649902,
  "val_loss": 1.3088401556015015,
  "epoch": 0,
  "global_step": 13
}