{
  "iou_metric": 0.05147169902920723,
  "loss": 1.8154703378677368,
  "val_iou_metric": 0.07806074619293213,
  "val_loss": 1.9293289184570312,
  "epoch": 6,
  "global_step": 7
}