{
  "iou_metric": 0.24744302034378052,
  "loss": 1.3201724290847778,
  "val_iou_metric": 0.2670208215713501,
  "val_loss": 1.5237237215042114,
  "epoch": 0,
  "global_step": 13
}