{
  "iou_metric": 0.25100335478782654,
  "loss": 1.3096652030944824,
  "val_iou_metric": 0.23989327251911163,
  "val_loss": 1.3827325105667114,
  "epoch": 0,
  "global_step": 13
}