{
  "iou_metric": 0.12180035561323166,
  "loss": 1.7977436780929565,
  "val_iou_metric": 0.1625715047121048,
  "val_loss": 1.7681419849395752,
  "epoch": 0,
  "global_step": 13
}